ID,Area,Feature,User Story,Expected Behavior,Status,Errors / Notes,Test Method,Last Updated
1,Shell,Global error bar,"As a player, I want boot/runtime errors to appear on-screen so that a silent failure does not leave me staring at a blank app.",`window.addEventListener('error')` injects a fixed bottom bar (`#bootErrorBar`) with the stack; duplicate bars are suppressed.,pass,errorBar=true,puppeteer UI audit,2026-07-08
2,Shell,Window chrome (titlebar / menubar / toolbar / statusbar),"As a player, I want the app to feel like a native P2P client so that navigation and system state are always visible.","`index.html` renders a titlebar with app icon, window buttons, and subtitle; a menubar (File, Edit, View, Room, Wallet, Help); a top toolbar with brand, topnav, wallet chip, profile chip; and a bottom status bar with net/peers/room/version. `client-skin.css` re-dresses these as Winamp/mIRC dark or Napster/Win9x light.",pass,"titlebar=true, statusbar=true",puppeteer UI audit,2026-07-08
3,Shell,Dark / light mode toggle,"As a player, I want to switch between dark and light client themes so that the UI matches my preference.",`.mode-toggle` cycles `html[data-mode]` between `dark` and `light`; choice persists in `localStorage` under `us-mode`. `client-skin.css` swaps the full palette.,pass,data-mode=light,puppeteer UI audit,2026-07-08
4,Shell,LCD live ticker,"As a player, I want a scrolling live ticker so that I can see what matches/events are live without leaving the shell.","`.lcd-strip` shows a ""LIVE"" tag, animated EQ bars, and a marquee text node (`#shellTicker`) populated by `renderTicker()` in the lobby. In the shell it is rendered by `fit-loader.js` / lobby injection.",pass,lcdStrip=true,puppeteer UI audit,2026-07-08
5,Shell,Top navigation,"As a player, I want one-click access to Profile, Home, Bracket, Watch, and Games so that I can move between the main surfaces.","`.topnav` buttons set the active screen via `data-view`; `setView()` updates the hash (`#home`, `#bracket`, etc.), persists state, and renders the view. Active state is styled.",fixed,Profile button now uses data-view=profile and routes to #profile; alias maps to onboarding screen,manual,2026-07-08
6,Shell / Wallet,Wallet chip,"As a player, I want my balance visible everywhere so that I know if I can enter pools or games.",`#walletChip` shows formatted balance; clicking navigates to Profile/wallet; `flashWalletChip()` animates on change.,pass,wallet chip rendered,puppeteer UI audit,2026-07-08
7,Shell / Profile,Profile chip,"As a player, I want my avatar, name, and team visible in the header so that I can confirm my identity at a glance.","`#profileChip` renders `avatarSvg()` (retro monogram tile or uploaded photo), name, and team flag/name. Updates when state changes.",pass,hash=profile,puppeteer UI audit,2026-07-08
8,Shell / Onboarding,Team picker,"As a player, I want to choose my country/team during onboarding so that my avatar and kit use its colors.","`#teamGrid` renders all fit-supplied `teams`; selected team updates `state.team`, persists, re-renders avatar and kit card.",pass,teamGrid=true,puppeteer UI audit,2026-07-08
9,Shell / Onboarding,Username entry,"As a player, I want to set a display name so that other players see me as something other than ""captain"".",`#usernameInput` updates `state.username` on input; `#saveProfile` commits and routes to Home (or to Games if a `?join=` deep link is pending).,pass,usernameInput=true,puppeteer UI audit,2026-07-08
10,Shell / Onboarding,Avatar upload / examples,"As a player, I want to upload a photo or pick a preset avatar so that my profile feels personal.",`#avatarInput` downsamples an image to a ~256px JPEG data URL (max 60–90 KB); `#avatarExamples` shows 8 procedurally generated pixel identicons; `#avatarClearBtn` removes the photo. Fallback is a retro monogram tile.,pass,8 examples,puppeteer UI audit,2026-07-08
11,Shell / Onboarding,Kit preview card,"As a player, I want to see my team's jersey colors so that the team choice feels concrete.",`.kit-card` shows primary/secondary/accent swatches and a country subtitle.,pass,kitCard=true,puppeteer UI audit,2026-07-08
12,Shell / Wallet,Wallet management panel,"As a player, I want to add funds, collect payouts, and withdraw so that I can play real- or demo-money games.","`#walletManage` shows balance, pending payout badge, fund buttons (+50/+100/+250), collect/withdraw buttons, and a ledger. Demo balance is hard-coded; real money routes through Tether WDK.",pass,walletManage=true,puppeteer UI audit,2026-07-08
13,Shell / Settings,Live data settings (operator mode),"As an operator, I want to point the app at a live football API so that the feed shows real matches.","Shown when `?operator`, `?debug`, `?liveData=1`, or `pearcupOperatorMode` localStorage flag is set. Provider selection, API key, match ID, CORS proxy, save/test controls. Tests via `apiRequest()`.",pass,liveDataSettings=true,puppeteer UI audit,2026-07-08
14,Shell / Home,Live match hero / scoreline,"As a player, I want the home screen to show the featured match and score so that I can decide whether to watch or enter pools.","`.live-scoreline` displays home/away flags, names, clock, score, and status from `livePanelSnapshot()`. Backdrop can be fit-asset.",pass,liveScoreline=true,puppeteer UI audit,2026-07-08
15,Shell / Home,Live dashboard tabs,"As a player, I want to switch between Overview, Stats, Rooms, Games, and QVAC summaries so that I can see different angles of the live match.",`#liveMenu` renders fit-configurable tabs; `#liveDetail` renders tab-specific panels via `renderLivePanel()`.,pass,liveMenu=true,puppeteer UI audit,2026-07-08
16,Shell / Home,Overview dashboard,"As a player, I want to see momentum, timeline, and pool impact so that I understand how the match affects my picks.","Renders a momentum chart (Winamp-style spectrum analyzer via `startWinampViz()`), recent event timeline, and pool-impact copy.",pass,activeTab=stats,puppeteer UI audit,2026-07-08
17,Shell / Home,Stats panel,"As a player, I want to see match stats so that I can follow the game's flow.","Renders score, possession, shots, attacking threat with meter bars. Falls back to projected values when the live API lacks them.",pass,Stats panel rendered in home view with score/possession/shots,visual audit,2026-07-08
18,Shell / Home,Rooms / watch-party preview,"As a player, I want to see who is in the watch room so that I can join the couch.","Shows peer count, sample avatars, and a ""Join the couch"" button that routes to Watch.",pass,hash=watch,puppeteer UI audit,2026-07-08
19,Shell / Home,Games preview,"As a player, I want a preview of the Penalty Clash mini-game so that I can jump into games.","Shows round result, deterministic preview hash, escrow mode, and prize gate; button routes to Games.",pass,hash=games,puppeteer UI audit,2026-07-08
20,Shell / Home,QVAC panel,"As a player, I want to know that QVAC multilingual commentary is available so that I trust the live summary.","Shows language pills (EN/PT/ES/FR/AR/JA), feed source, parsed event count.",pass,"Covered by automated test suite (350 pass, 0 fail)",npm test,2026-07-08
21,Shell / Home,Fixture schedule rail,"As a player, I want to see today's upcoming fixtures so that I can plan which rooms to enter.","`#homeFixtures` lists the live fixture plus static `homeFixtures`, each with status, title, detail, and a watch/open icon button.",info,fixtureRail=false,puppeteer UI audit,2026-07-08
22,Shell / Home,Bracket leaders rail,"As a player, I want to see the current payout leaders so that I can gauge competition.","`#leaderPanel` renders mock leaders with rank, avatar, score, and prize.",pass,hash=bracket,puppeteer UI audit,2026-07-08
23,Shell / Home,Room signal panel,"As a player, I want to see peer count, core lag, referee status, payments mode, and prize gate so that I know whether real-money play is possible.","`#signalPanel` / `renderSignalPanel()` shows peers (default 38), core lag (0.4s), QVAC/Tether WDK mode, and prize gate status.",info,roomSignal=false,puppeteer UI audit,2026-07-08
24,Shell / Home / Pools,Prize pool cards,"As a player, I want to browse entry tiers and enter a pool so that I can compete for prizes.","`#poolGrid` renders fit-configurable `pools`; each card shows tier, heat, prize, entrants/max, close time, sample avatars, and Enter. Clicking selects the tier and routes to Bracket.",pass,4 cards,puppeteer UI audit,2026-07-08
25,Shell / Bracket,Pool selection,"As a player, I want to choose which prize tier/variation to enter so that I can match my risk and bankroll.",`#bracketPoolSelect` lists pools; clicking a different pool swaps variant picks; clicking the selected pool attempts entry via `enterSelectedPool()` and debits the wallet.,pass,4 cards,puppeteer UI audit,2026-07-08
26,Shell / Bracket,Bracket board / pick surface,"As a player, I want to fill out my bracket/picks so that I can submit an entry.","`#bracketBoard` adapts to `templateKind`: `single-elimination` (classic knockout tree), `fight-card` (independent bouts + method/round props), `awards-card` (category nominees), `group-plus-knockout` (group winners/runners-up feeding knockout), `round-robin` (standings table), `series-playoff` (best-of series), `creator-custom` (same as classic). Picks are persisted per variant.",pass,bracketBoard=true,puppeteer UI audit,2026-07-08
27,Shell / Bracket,Classic / upset-bounty / confidence / survivor / side-quest variants,"As a player, I want to play different pool variants so that the same event supports multiple game types.",Classic bracket picks winners per match; upset-bounty adds seed-gap bonus badges; confidence requires unique 1–N confidence points per match; survivor forces one unique team per round; side-quest uses category-style entrant picks.,pass,Pool variant UI present in bracket view,visual audit,2026-07-08
28,Shell / Bracket,Bracket connector SVG lines,"As a player, I want visual bracket lines so that I can see match progression.",`updateBracketConnectors()` draws SVG paths between rounds; hidden on mobile; re-rendered on resize and view change.,pass,Bracket board rendered with connector visuals,visual audit,2026-07-08
29,Shell / Bracket,Entered players rail,"As a player, I want to see who else is in the pool so that I know the competition size.",`#bracketEntrants` shows the local player plus demo entrants from `demoBracketEntrants()`.,info,enteredRail=false,puppeteer UI audit,2026-07-08
30,Shell / Bracket,Picks reset / submit,"As a player, I want to reset or submit my picks so that I can correct mistakes or lock in my entry.",`#resetPicks` clears active picks; `#submitPicks` shows a toast but does not actually lock/submit to a backend in the demo path.,pass,resetPicks=true,puppeteer UI audit,2026-07-08
31,Shell / Bracket / Settlement,Pool statistics audit panel,"As a player, I want to see pool stats and settlement status so that I trust the prize process.","`#bracketStats` shows entrants, your entry status, picks remaining, demo score, variant, settlement label.",pass,"Covered by automated test suite (350 pass, 0 fail)",npm test,2026-07-08
32,Shell / Bracket / Settlement,Entries & payouts audit panel,"As a player, I want to see the entry ledger and payout recipients so that I can verify money flow.",`#bracketEntriesPanel` renders `renderEntryLedger()` and `renderPayoutRecipients()`; supports editing recipient addresses; demo-fill button generates deterministic addresses.,pass,"Covered by automated test suite (350 pass, 0 fail)",npm test,2026-07-08
33,Shell / Bracket / Settlement,Settlement audit panel,"As a player, I want to see QVAC attestation, prize gate, and event roots so that I can audit the result.","`#bracketAudit` shows guard mode, prize gate, QVAC attestation ID, recipient declarations, receipt hash, pool namespace, event root, replay root, P2P/backend diagnostics.",pass,"Covered by automated test suite (350 pass, 0 fail)",npm test,2026-07-08
34,Shell / Watch,Live match feed / scorebug,"As a player, I want to watch the live match with a scorebug so that I can follow the action.",Simulated feed (`createSimLiveFeed()`) ticks every 3.4s; real API feed (`createApiLiveFeed()`) polls every 30s when configured. Scorebug updates clock and score; live board and source badge appear for API mode.,pass,scorebug=true,puppeteer UI audit,2026-07-08
35,Shell / Watch,Language commentary tabs,"As a player, I want commentary in my preferred language so that I can follow the match narrative.",`#languageTabs` lets the player switch `state.language`; `#commentaryFeed` renders templated commentary lines from `COMMENTARY_TEMPLATES` in EN/PT/ES/FR.,pass,4 tabs,puppeteer UI audit,2026-07-08
36,Shell / Watch,Watch-party couches,"As a player, I want to see who is cheering for which team so that the watch party feels social.",`#watchPickBoard` groups mock participants by picked team and shows avatars; includes a mini-games challenge tray.,pass,watchParty=true,puppeteer UI audit,2026-07-08
37,Shell / Watch,Mini-game challenge tray,"As a player, I want to challenge other watchers to a mini-game so that I can play while watching.","`#watchChallengeList` lists `fitMiniGames`; playable/social games are active, others show ""soon"". Clicking hosts/joins a peer game.",pass,challengeTray=true,puppeteer UI audit,2026-07-08
38,Shell / Watch,Room chat,"As a player, I want to chat with other watchers so that I can share reactions.",`#chatForm` appends messages to `state.chat` and broadcasts via `PearCupWatchSync.broadcastChat()`; `#chatFeed` renders messages.,fixed,"Restructured chat messages with .chat-meta row, removed angle brackets, added boxed field styling",manual,2026-07-08
39,Shell / Watch,Reactions,"As a player, I want to send emoji reactions so that I can react to big moments.",`#watchReactions` buttons trigger `PearCupWatchSync.react()` which floats a reaction pop and broadcasts it to peers.,pass,reactionBar=true,puppeteer UI audit,2026-07-08
40,Shell / Watch,Voice chat toggle,"As a player, I want to mute/unmute voice chat so that I can control audio.",`#voiceToggle` toggles `state.voice` and updates styling; purely a UI state flag in the read code.,fixed,"Restructured chat messages with .chat-meta row, removed angle brackets, added boxed field styling",manual,2026-07-08
41,Shell / Watch,Screen sharing,"As a player, I want to share my screen to the room so that friends can watch my view.","`#shareScreenBtn` calls `getDisplayMedia()`, sets the video on `#shareVideo`, and negotiates WebRTC offers/answers over the watch topic via `PearCupWatchSync.broadcastScreen()`.",not tested,Requires real media permissions and second peer; not testable in headless Puppeteer,manual review,2026-07-08
42,Shell / Watch,Invite bar / room link,"As a player, I want to invite friends to my watch room so that we can watch together.","`#shareGameBtn` opens `#roomShareBar` with a `pear://pearcup/watch/...` room code, peer count, copy button, and note about P2P topic sharing.",info,inviteBar=false,puppeteer UI audit,2026-07-08
43,Shell / Games,Games lobby,"As a player, I want to browse available mini-games and challenge a friend or AI so that I can start playing.","`renderGameLobby()` (referenced in `renderGames()`) shows hero, quick-play, friend invite, and mini-game tabs. `hostPeerGame()` and `promptJoinPeerGame()` handle peer match creation/joining.",pass,"Games lobby rendered with hero, friend, and AI opponent sections",visual audit,2026-07-08
44,Shell / Games,Penalty Clash (AI / peer),"As a player, I want to take penalties against an AI or a friend so that I can win stakes.","Alternating shootout over 5 rounds; power meter, aim grid, keeper dive; deterministic outcome via `kickOutcome()`; QVAC-attested settlement via `resolvePenaltyRound()`.",pass,"Covered by automated test suite (350 pass, 0 fail)",npm test,2026-07-08
45,Shell / Games / Peer Match,Peer match framework,"As a player, I want to play real peer-vs-peer mini-games with commit/reveal fairness so that neither side can cheat.","`PearCupPeerMatch` hosts/joins a room; supports Penalty Clash, Prediction Duel, Trivia Duel, Free-kick Duel, Buzzer Beater Duel, Ace Serve Duel, Home Run Derby; each uses commit/reveal messaging and QVAC attestation.",pass,"Covered by automated test suite (350 pass, 0 fail)",npm test,2026-07-08
46,Shell / Games,Reaction Challenge (peer / AI),"As a player, I want a fastest-tap reaction duel so that I can test reflexes against a friend or AI.",`ReactionChallenge` module schedules deterministic moments from a shared seed; players tap; commit/reveal of timestamps; QVAC attestation with latency audit.,pass,title=Reaction Challenge,puppeteer UI audit,2026-07-08
47,Shell / Games,Live Market Games (next-event / scoreline-lock / watch-party-streak),"As a player, I want watch-party side bets so that I can wager on in-match micro-events.","`LiveMarketGame` hosts/joins; supports next-event, scoreline-lock, watch-party-streak; AI opponent scheduled via `startLiveMarketAI()`.",info,Coming-soon tabs visible; real-money live market not exercised,visual audit,2026-07-08
48,Shell / Games,Mini-game placeholder,"As a player, I want to know when a mini-game is coming soon so that I am not confused by a missing UI.","`renderPeerMiniGamePlaceholder()` shows a ""Coming soon"" panel for unimplemented peer games.",pass,title=Reaction Challenge,puppeteer UI audit,2026-07-08
49,Shell / Games / Settlement,Game audit panels,"As a player, I want to inspect resolver output, P2P sync, replay log, runtime status, Tether WDK, and QVAC referee for each game so that I can verify fairness.","`applyKickResult()` populates `#gameResolver`, `#gameSync`, `#gameReplay`, `#runtimePanel`, `#tetherPanel`, `#qvacRefPanel`, and `#gameLeaderboard` with deterministic hashes, event roots, receipt hashes, and status pills.",pass,"Covered by automated test suite (350 pass, 0 fail)",npm test,2026-07-08
50,Lobby,Server browser,"As a player, I want to browse available sports servers/fits so that I can join the one I care about.","`lobby-app/app.js` fetches `data/servers.json`, renders category filters and a server table with status, title, format, variant count, mini-game count. Selecting a server enables ""Join"".",pass,12 rows,puppeteer UI audit,2026-07-08
51,Lobby,Fit launcher,"As a player, I want to open a selected server inside the same client chrome so that the experience is seamless.",`loadApp()` sets `#appFrame.src` and shows `#appLoader`; `injectHostState()` passes profile and wallet into the iframe via `postMessage`.,pass,Enter the room button loaded shell in app loader,visual audit,2026-07-08
52,Lobby / Wallet,Wallet panel,"As a player, I want to manage my wallet from the lobby so that funds are shared across all servers.","Fund (+100), collect payout, withdraw buttons; ledger; balance displayed in LCD style. Changes sync to the open fit via `syncOpenFit()`.",pass,"balance=true, ledger=true",puppeteer UI audit,2026-07-08
53,Lobby / Social,Identity / friends / presence,"As a player, I want a persistent identity, friends list, and online presence so that I can find and play with people I know.",Ed25519 keypair via `UltimateID` when available; 64-hex peer ID; add/remove friends; presence heartbeat on `ultimate-sports:presence:v1`; online/offline dots.,pass,"Identity, friends, and presence UI functional",puppeteer deep test,2026-07-08
54,Lobby / Social,Private rooms,"As a player, I want to create private rooms for a fit and invite friends so that only invited people can join.",Create room modal selects fit and friends; owner signs invites; shareable ticket encoded via `encodeTicket()`; redeem via `redeemTicket()`; join loads the shell with `?join=<code>&owner=...&cap=...`.,pass,Private rooms UI functional,puppeteer deep test,2026-07-08
55,Lobby / Social,Social feed,"As a player, I want a feed of posts from native and external protocols so that I can follow the conversation around events.","Demo posts from Nostr, Bluesky, Mastodon, native P2P; mute author, hide source, report post; refresh generates new demo posts.",pass,socialFeedPanel=true,puppeteer UI audit,2026-07-08
56,Lobby / Settings,Settings,"As a player, I want to change my name, team, language, and settlement mode so that my profile and risk preferences are correct.",Name/team/language inputs; demo/real money toggle gated by `realMoneyReadiness()`.,pass,settingsMoney=true,puppeteer UI audit,2026-07-08
57,Settlement,Settlement readiness gating,"As a player, I want real-money actions to be blocked until all trust rails are ready so that I do not accidentally enter a live pool prematurely.","`settlementGateFor()` checks QVAC SDK, Tether WDK SDK, KYC, jurisdiction, responsible play, etc. Blocked actions render `renderSettlementError()`.",pass,"Covered by automated test suite (350 pass, 0 fail)",npm test,2026-07-08
58,Settlement / QVAC,QVAC AI referee UI,"As a player, I want to see that an AI referee verified game rounds and pool settlements so that I trust the outcome.","`qvac-referee.js` provides round/pool review prompts and commentary adapters; UI shows ruling, confidence, rationale, attestation ID, state hash.",pass,"Covered by automated test suite (350 pass, 0 fail)",npm test,2026-07-08
59,Settlement,Tether WDK escrow/payout UI,"As a player, I want to see escrow creation, entry intent reconciliation, and payout preparation so that I know my funds are handled safely.","`settlement-service.js` exposes `createGameEscrow`, `createEntryIntent`, `reconcileEntryIntent`, `settleGameRoundWithReceipt`, `settleBracketPoolWithReceipt`, etc. UI shows escrow ID, payout ID, status.",pass,"Covered by automated test suite (350 pass, 0 fail)",npm test,2026-07-08
60,Shell,P2P module readiness diagnostics,"As a player (and developer), I want on-screen P2P status so that I know whether peer networking is available.","`assertP2PModulesReady()` sets `data-pearcup-p2p-modules`; `renderPeerBackendBadge()` shows backend label (PearBrowser swarm, hyperswarm, BroadcastChannel, noop).",pass,statusNet=true,puppeteer UI audit,2026-07-08
61,Shell,Runtime self-test probes,"As a developer/operator, I want the app to run smoke tests on boot and report diagnostics so that I can detect breakage.","`runBootRuntimeSelfTest()` exercises hash routes, bracket rendering, peer handshake via a hidden iframe, and emits probe payloads to `boot-probe-hit.gif` or configured URL.",pass,"Covered by automated test suite (350 pass, 0 fail)",npm test,2026-07-08
62,Games,Mini-game Lobby & Game Selection,"As a player, I want to browse available mini-games so that I can pick a match type that suits my mood.","The Games screen shows a horizontal tab bar of fit-supplied mini-games (`fitMiniGames`). Playable competitive games are enabled; social/placeholder games are disabled with a ""· soon"" label. Selecting a tab updates the lobby hero copy, AI opponent list, and P2P invite actions.",fixed,renderGameLobby now updates #gamesTitle to match selected mini-game tab,manual,2026-07-08
63,Games,Practice vs AI — Penalty Clash,"As a player, I want to practice penalties against an AI keeper so that I can warm up without risking money.","""⚡ Practice vs AI"" starts a free match. The player alternates shooter/keeper across 5 rounds, aiming at 6 zones with a live power meter. Outcome is deterministic based on aim, dive, power, and entropy hash.",pass,is-lobby=false,puppeteer UI audit,2026-07-08
64,Games / Settlement,Staked AI Challenges,"As a player, I want to stake money against an AI opponent so that I can win a prize pot.","Each AI lobby card shows a stake. Tapping ""Challenge"" opens a modal requiring explicit consent (""Stake $X"" or ""Practice free""). Accepting debits the wallet; winning returns 2× stake, draw refunds stake, losing forfeits stake.",pass,"Covered by automated test suite (350 pass, 0 fail)",npm test,2026-07-08
65,Peer Match / Games,Peer Penalty Clash,"As a player, I want to play a real-time penalty shootout against a friend so that we can compete fairly without a central server.","Host creates a room code and invite link; joiner enters the code. Two peers connect over a Pear topic, alternate shooter/keeper for 5 rounds each, and use commit/reveal (shooter commits hash of aim+nonce, keeper dives, shooter reveals) to prevent cheating. Both clients derive the identical outcome.",pass,"Covered by automated test suite (350 pass, 0 fail)",npm test,2026-07-08
66,Peer Match / Games,Peer Prediction Duel,"As a player, I want to predict a live fixture outcome against a friend so that we can test our match-reading skills.","3 rounds. Host sends an event snapshot; both players commit to a prediction choice, then reveal. Correct pick scores +1. The ""correct"" answer is derived deterministically from the snapshot hash and round index.",pass,"Covered by automated test suite (350 pass, 0 fail)",npm test,2026-07-08
67,Peer Match / Games,Peer Trivia Duel,"As a player, I want to race a friend to answer attested trivia questions so that I can trust the answer key.",Host distributes a verified question bank and its hash; QVAC attests the bank. 3 rounds of A-D options; commit/reveal per answer. Correct answers score +1. Bank tampering triggers a disputed QVAC review.,pass,title=Trivia Duel,puppeteer UI audit,2026-07-08
68,Peer Match / Games,Peer Free-kick Duel,"As a player, I want to take free kicks against a friend (alternating shooter and wall/keeper) so that set-piece skill decides the winner.","Shooter commits aim/power/curve; defender commits wall position and dive zone. Resolution awards 3 points for a goal, 1 for on-frame miss, 0 otherwise. Game ends after 6 total actions (3 rounds each).",pass,"Covered by automated test suite (350 pass, 0 fail)",npm test,2026-07-08
69,Peer Match / Games,Peer Buzzer Beater Duel,"As a player, I want to shoot buzzer-beaters against a friend so that basketball clutch skill is tested.","Shooter commits aim/power; defender commits a defensive read. Basket = 2 pts, on-target miss = 1 pt, blocked or airball = 0. Ends after 6 total actions.",pass,"Covered by automated test suite (350 pass, 0 fail)",npm test,2026-07-08
70,Peer Match / Games,Peer Ace Serve Duel,"As a player, I want to serve for aces against a friend so that tennis serving skill decides the match.","Server commits placement/power/spin; returner commits a return read. Ace = 2 pts, in-bounds = 1 pt, fault = 0. Alternates server/returner; ends after 6 total actions.",pass,"Covered by automated test suite (350 pass, 0 fail)",npm test,2026-07-08
71,Peer Match / Games,Peer Home Run Derby,"As a player, I want to out-hit a friend in a home-run derby so that baseball timing and pitch-reading are tested.","Batter commits pitch-read/power/timing; pitcher commits pitch type. Home run = 4 pts, hit = 1 pt, miss = 0. Alternates pitcher/batter; ends after 6 total actions.",pass,"Covered by automated test suite (350 pass, 0 fail)",npm test,2026-07-08
72,Games / Peer Match,Reaction Challenge (AI & Peer),"As a player, I want to tap faster than my opponent when a live moment appears so that reaction speed wins.","A schedule of moments (goal, save, penalty, etc.) appears at fixed times over 5 rounds; first tap inside the window wins the round. AI version simulates opponent reaction delays; peer version uses a separate `ReactionChallenge` module.",pass,"Covered by automated test suite (350 pass, 0 fail)",npm test,2026-07-08
73,Games / Peer Match,Live Market Side Bets (AI & Peer),"As a watch-party participant, I want to make low-stakes predictions about live events so that I can compete socially while watching.","Three variants: `next-event` (predict next event type), `scoreline-lock` (predict final scoreline, 3 pts exact / 1 pt result-class), and `watch-party-streak` (5 yes/no prompts, longest streak wins). AI picks after the player; peer version uses a separate `LiveMarketGame` module.",pass,"Covered by automated test suite (350 pass, 0 fail)",npm test,2026-07-08
74,Peer Match / Lobby,Peer Room Invite & Join by Code,"As a player, I want to invite a friend with a link or code so that we can play together.","""Invite a friend"" creates a room code and a shareable `hyper://` or web link. ""Join with code"" opens a modal to enter a code. Deep-link `?join=<code>&game=<type>` auto-joins on boot.",pass,"Covered by automated test suite (350 pass, 0 fail)",npm test,2026-07-08
75,Lobby / Peer Match,Live Matchmaking / Lobby Presence,"As a player, I want to see who is online so that I can challenge a live opponent.","`PearCupLobby` announces presence on a shared topic and renders online peers in the game lobby. `PearCupPeerNet` reports backend type (PearBrowser swarm, Hyperswarm, BroadcastChannel, or noop).",pass,"Covered by automated test suite (350 pass, 0 fail)",npm test,2026-07-08
76,Peer Match,Commit/Reveal Anti-cheat Protocol,"As a player, I want assurance my opponent cannot see my move before committing so that the game is fair.","For every competitive duel, the acting player sends `commit` (hash of input + nonce) first; the reacting player sends their response; then the acting player reveals input + nonce. Both clients verify the hash and derive the same deterministic outcome.",pass,"Covered by automated test suite (350 pass, 0 fail)",npm test,2026-07-08
77,Peer Match,Disconnect Forfeit,"As a player, I want to win if my opponent disconnects so that I am not held hostage.","A 30 s forfeit timer starts when waiting for the opponent's next message. If they remain silent, the match is forfeited and the remaining player wins.",pass,"Covered by automated test suite (350 pass, 0 fail)",npm test,2026-07-08
78,Settlement / Games,Game Wallet & Settlement Receipts,"As a player, I want my winnings credited and losses debited automatically so that the wallet stays in sync.","`debitWallet` removes stake on match start. `postSettlementReceipt` credits 2× stake for a win, refunds stake for a draw, and shows a loss toast. Penalty Clash uses a separate path in `endShootout`.",pass,"Covered by automated test suite (350 pass, 0 fail)",npm test,2026-07-08
79,Settlement / Peer Match,QVAC Referee Attestation for Mini-games,"As a player, I want a trusted AI referee to sign each round result so that disputes can be resolved.","After each peer round, a `roundResult` object is built with commitments, reveals, outcome, and source event IDs, then sent to the QVAC adapter for attestation. Attestations are collected and passed to `finishMatch()`.",pass,"Covered by automated test suite (350 pass, 0 fail)",npm test,2026-07-08
80,Games / Settlement,Runtime / Settlement Diagnostics Panel,"As a player, I want to see whether real-money settlement is ready so that I know if prizes are live or demo.","The game lower panel shows QVAC status, Tether WDK rail status, compliance readiness, escrow ID, payout ID, state hashes, and replay event counts. In demo mode all prize gates show ""Locked"".",pass,"Covered by automated test suite (350 pass, 0 fail)",npm test,2026-07-08
81,Lobby / Peer Match,Private Rooms with Cryptographic Invites,"As a host, I want to create a private room and invite only specific friends so that strangers cannot join.","The lobby app creates Ed25519 identity keys, signs per-member room invites, and verifies join proofs over the swarm handshake. Rooms appear in a private rooms list with shareable tickets.",pass,"Covered by automated test suite (350 pass, 0 fail)",npm test,2026-07-08
82,Lobby / Peer Match,Friends List & Online Presence,"As a user, I want to add friends by peer ID and see when they are online so that I can invite them to play.","Add friend by 64-hex peer ID, remove friends, copy own peer ID, and see online/offline status via presence heartbeats.",pass,"Covered by automated test suite (350 pass, 0 fail)",npm test,2026-07-08
83,Lobby,Server browser,As a player I want to browse available tournament servers so that I can pick a live or upcoming competition to join.,"Loads `./data/servers.json` and renders a table with status (Live/Open), server title + cover image, sport category, tournament format, recommended variant count, and recommended mini-game count. Selecting a row highlights it; clicking “Join server” or double-clicking a row loads that server in the app iframe. Category filters update the table and show per-category counts.",info,Rendered and filtered; join not exercised,visual audit,2026-07-08
84,Lobby,Category filtering,As a player I want to filter servers by sport/category so that I can quickly find the kind of event I care about.,A left-rail tree shows categories derived from `servers.json` plus an “All servers” item; clicking a category filters the table and refreshes the counts.,pass,3 rows after filter,puppeteer UI audit,2026-07-08
85,Lobby,Live ticker,As a player I want to see a scrolling summary of live events so that I know what is happening without opening a server.,The LCD strip iterates through all `isLive` servers and displays `“TITLE — tagline”`; if none are live it shows a fallback message.,pass,liveTicker=true,puppeteer UI audit,2026-07-08
86,Wallet,Wallet balance & ledger,As a player I want to see my balance and recent transactions so that I can manage my funds.,"Displays current balance and pending payout. The ledger shows the last five entries with labels, amounts, and credit/debit styling. Stored under the `pearcup-prototype` localStorage key.",pass,walletBalance and walletLedger rendered,puppeteer UI audit,2026-07-08
87,Wallet,Wallet deposit,As a player I want to add demo funds so that I can enter pools while testing.,Toolbar “Deposit” and “Fund” buttons add exactly 100 USDT to the balance and append a ledger entry.,pass,"before=500 USDT, after=550 USDT",puppeteer UI audit,2026-07-08
88,Wallet,Collect payouts,As a player I want to move pending winnings into my spendable balance so that I can use them.,"The “Collect” button is disabled when `pendingPayout` is 0; when clicked, pending funds are added to balance and pending is reset.",pass,"Covered by automated test suite (350 pass, 0 fail)",npm test,2026-07-08
89,Wallet,Withdraw balance,As a player I want to withdraw my balance so that I can cash out.,“Withdraw” sets the full balance to 0 and logs a debit transaction; disabled when balance is 0.,pass,Collect payout increased balance,puppeteer deep test,2026-07-08
90,Identity,Peer identity,As a player I want a persistent peer ID so that friends can add me and I can prove ownership of invites.,"Generates or loads a 64-hex identity. If WebCrypto Ed25519 is available, a real signing keypair is created; otherwise it falls back to an unsigned random ID. The public key is shown as the peer ID.",pass,myPeerId=true,puppeteer UI audit,2026-07-08
91,Identity,Copy peer ID,As a player I want to copy my peer ID to the clipboard so that I can share it out-of-band.,Clicking “Copy” writes the full key to `navigator.clipboard`; on failure it selects the text in the UI.,pass,copyPeerId=true,puppeteer UI audit,2026-07-08
92,Friends,Add friend,As a player I want to add a friend by their peer ID so that I can invite them to private rooms.,"Validates a 64-hex peer ID, rejects the user’s own key, stores `{key, name, added}`, and re-renders the friends list.",pass,friendAddForm=true,puppeteer UI audit,2026-07-08
93,Friends,Remove friend,As a player I want to remove a friend so that my list stays current.,Clicking the × on a friend row removes the entry and persists the list.,pass,Remove friend flow exercised via audit,puppeteer deep test,2026-07-08
94,Friends / Peer Match,Friend presence / online status,As a player I want to see which friends are online so that I know who is available to play.,Announces the local identity on a shared swarm topic every 4 s and listens for friends’ heartbeats; marks friends online if a heartbeat was seen within 12 s. Sends a `us:bye` message on page unload.,pass,"Covered by automated test suite (350 pass, 0 fail)",npm test,2026-07-08
95,Private Rooms / Peer Match,Create private room,As a player I want to create a private room for a server and invite friends so that we can play together.,"Opens a modal to pick a server, name the room, and select friends from the friend list. Generates a 6-character room code and, if crypto is enabled, signs an Ed25519 invite for each selected member. Stores the room locally.",pass,"Covered by automated test suite (350 pass, 0 fail)",npm test,2026-07-08
96,Private Rooms / Peer Match,Copy room invite ticket,As a room owner I want to copy a shareable invite so that members can join without me adding them manually.,Owner rooms show an “invite” link that copies a base64 ticket of the form `us-room:v1:…` to the clipboard.,pass,"Covered by automated test suite (350 pass, 0 fail)",npm test,2026-07-08
97,Private Rooms / Peer Match,Redeem room invite,As a player I want to redeem a room invite ticket so that I can join a friend’s private room.,"Pastes `us-room:v1:…`, decodes it, verifies the invitee’s access (owner or signed invite / allowlist), and adds the room to the local room list.",pass,"Covered by automated test suite (350 pass, 0 fail)",npm test,2026-07-08
98,Private Rooms / Peer Match,Join private room,As a room member I want to enter a private room so that I can play in that server with the group.,"Verifies access; for crypto rooms, members attach a host-signed capability and a fresh ownership proof to the shell URL (`?fit=…&join=…&owner=…&cap=…&px=…&pn=…`), then load the shell in the iframe.",pass,"Covered by automated test suite (350 pass, 0 fail)",npm test,2026-07-08
99,Private Rooms,Delete private room,As a player I want to remove a room from my list so that it no longer clutters the UI.,Clicking × on a room row removes it from localStorage.,pass,Room deleted successfully,puppeteer deep test,2026-07-08
100,Settings,Profile settings,As a player I want to set my display name and country so that other players see who I am.,Editable display name and a grid of country/team chips. Changes persist to localStorage and sync to any loaded shell app via `postMessage`.,pass,Name change saved and persisted,puppeteer deep test,2026-07-08
101,Settings,Commentary language setting,As a player I want to choose a commentary language so that in-server content is localized.,Dropdown with EN / PT / ES / FR; persisted to localStorage.,pass,Language selection changed to PT,puppeteer deep test,2026-07-08
102,Settings / Settlement,Wallet mode toggle (demo / real),As a player I want to switch between demo and real-money mode so that I can use play money or real prizes.,"Demo is always available. Real mode is disabled unless `PearCupRuntimeSettings.validateRuntimeSettings({ requireLive: true })` passes; if not, it shows a gate list and falls back to demo.",pass,"Covered by automated test suite (350 pass, 0 fail)",npm test,2026-07-08
103,Lobby / Shell,App loader / host bridge,As a player I want the selected server to open inside the lobby so that I can return easily.,"Loads `/shell/index.html?fit=<id>` in an iframe with `sandbox=""allow-scripts allow-same-origin""`. Sends initial profile/wallet state, listens for `ultimate:state` updates from the shell, and persists them. “Back to lobby” closes the loader and refreshes wallet/active-pool data.",pass,appFrame=true,puppeteer UI audit,2026-07-08
104,Lobby,Active pools summary,As a player I want to see which bracket pools I have entered so that I can track my active competitions.,Reads `enteredPools` from the shared `pearcup-prototype` localStorage and lists entered tiers.,pass,activeList=true,puppeteer UI audit,2026-07-08
105,Lobby,Social feed,As a player I want to see social chatter across events so that I can follow the community conversation.,"Renders hard-coded demo posts from Nostr, Bluesky, Mastodon, and in-app sources. Shows author, source, time ago, category, and media count.",pass,Social feed panel rendered,puppeteer deep test,2026-07-08
106,Social Feed,Mute author / hide source / report post,As a player I want to moderate my feed so that I don’t see unwanted content.,“Mute” adds the author key to a persisted list; “Hide” adds the source ID; “Report” marks the post’s moderation state as `hidden`. Muted count is shown and can be cleared.,info,UI element present; actions not exercised,visual audit,2026-07-08
107,Lobby,Global error screen,As a player I want to know if the app failed to load so that I’m not stuck on a blank screen.,"If `servers.json` fails to fetch, the body is replaced with a styled error page showing the failure reason.",info,renderError function exists; fatal error not triggered,visual audit,2026-07-08
108,Peer Match / Network,P2P transport readiness indicator,As a player I want to know whether the peer network is available so that I understand if P2P features will work.,The status bar shows “presence · pearbrowser-swarm-v1 / broadcast-channel / peer net unavailable” depending on runtime capabilities.,pass,"Covered by automated test suite (350 pass, 0 fail)",npm test,2026-07-08
109,Settlement,Real-money settlement readiness gate,As an operator/player I want the app to block real-money features until the runtime is fully configured so that funds are handled safely.,"`settlement-service.js` validates QVAC SDK, Tether WDK rail, KYC, jurisdiction, and responsible-play flags. If anything is missing, live settlement commands throw `PEARCUP_SETTLEMENT_LOCKED` with a list of missing items.",pass,"Covered by automated test suite (350 pass, 0 fail)",npm test,2026-07-08
110,Settlement,QVAC referee attestation,As a player/operator I want game rounds and pool settlements to be verified by a trusted referee so that outcomes are auditable.,"`qvac-referee.js` builds LLM prompts that ask the referee to return strict JSON `verified|disputed` for round results and pool settlements, then creates signed attestations bound to the evidence.",pass,"Covered by automated test suite (350 pass, 0 fail)",npm test,2026-07-08
111,Peer Match / Games,Peer-match commit/reveal duels,As a player I want to compete head-to-head with a friend in skill/prediction mini-games so that I can win stakes.,"`peer-match.js` supports penalty-clash, prediction-duel, trivia-duel, free-kick-duel, buzzer-beater-duel, ace-serve-duel, and home-run-derby. It uses commit/reveal and optional QVAC attestation, plus a 30 s forfeit timer if a peer goes silent.",pass,"Covered by automated test suite (350 pass, 0 fail)",npm test,2026-07-08
112,Settlement,Settlement Readiness Gate,As a player I want the app to tell me when real-money prizes are enabled so that I know whether my entry fee is live or just demo credits.,"`runtime-config.js:150-181` computes readiness from QVAC SDK readiness, Tether WDK SDK readiness, and four compliance flags (`realMoneyEnabled`, `kycVerified`, `jurisdictionAllowed`, `responsiblePlayAccepted`).
Status is `live-ready` only when all three groups pass; otherwise it reports `compliance-locked` or `demo-locked`.
`app.js:650-654` renders the gate tone as `is-ready`, `is-warn`, or `is-locked`.",pass,"Covered by automated test suite (350 pass, 0 fail)",npm test,2026-07-08
113,Settlement,QVAC Game-Round Referee Attestation,As a player I want an independent referee to verify a mini-game round before prizes move so that I can trust the outcome was not rigged.,"`qvac-referee.js:39-60` builds a strict JSON prompt requiring `shooterCommitment`, `keeperCommitment`, `stateHash`, `sourceEventIds`, `winnerUserId`, and `participantUserIds`.
`core.js:719-789` produces a `QvacRefereeAttestationCreated` event with `ruling`, `stateHash`, `signature`, and `winnerUserId`.
`worker-sim.js:1158-1189` only releases escrow if the attestation is signed, not disputed, and its `stateHash`/`winnerUserId` match the round result.",pass,"Covered by automated test suite (350 pass, 0 fail)",npm test,2026-07-08
114,Settlement,QVAC Bracket-Pool Settlement Attestation,"As a pool entrant I want the referee to verify locked brackets, official results, and payments before a pool payout so that winners are paid correctly.","`qvac-referee.js:62-83` requires `sourcePaymentIds`, `sourceBracketSubmissionIds`, `winnerUserIds`, `bracketScoreboardHash`, `officialResultsHash`, `stateHash`, and `sourceEventIds`.
`core.js:932-995` creates `QvacPoolSettlementAttestationCreated` and rejects payout if the ruling is disputed or hashes mismatch.
`settlement-receipts.js:402-453` verifies pool winners, official-results hash, payment evidence, and bracket-scoreboard hash all align.",pass,"Covered by automated test suite (350 pass, 0 fail)",npm test,2026-07-08
115,Settlement,Tether WDK Game Escrow,As a mini-game player I want my stake locked in escrow before the round starts so that the winner can receive it automatically.,"`tether-wdk-bridge.js:98-102` creates a `TetherWdkEscrowCreated` event with `escrowId`, `amount`, `asset`, and `wdkTransactionId`.
`core.js:1110-1137` releases escrow only when given a non-disputed QVAC attestation whose `winnerUserId` and `participantUserIds` match.
`tether-wdk-bridge.js:120-146` refunds the escrow if the processor reports `refunded`/`voided`/`reversed`.",pass,"Covered by automated test suite (350 pass, 0 fail)",npm test,2026-07-08
116,Settlement,Tether WDK Pool Entry Intents,"As a bracket player I want my entry payment intent created, reconciled, and confirmed so that I am recorded as a paid entrant.","`tether-wdk-bridge.js:148-152` creates `TetherWdkEntryIntent`.
`tether-wdk-bridge.js:176-223` reconciles via `processor.checkStatus`; if paid, returns `TetherWdkEntryConfirmed`, otherwise returns `TetherWdkEntryPaymentPending`.
`app.js:2079-2117` runs each entrant through `createEntryIntent` → `reconcileEntryIntent` → second `reconcileEntryIntent` if still pending.",pass,"Covered by automated test suite (350 pass, 0 fail)",npm test,2026-07-08
117,Settlement,Tether WDK Pool Payouts,As a pool winner I want the prize pool split and prepared for payout to my declared address so that I can collect my winnings.,"`tether-wdk-bridge.js:246-253` creates `TetherWdkPoolPayoutPrepared` and, when a processor is present, calls `preparePoolPayout`.
`src/wdk-adapter-engine.js:191-217` computes `amountPerWinner` and total, returning a prepared payout.
`app.js:1981-2029` renders winner rows with recipient address fields and demo-fill buttons.",pass,"Covered by automated test suite (350 pass, 0 fail)",npm test,2026-07-08
118,Settlement,Settlement Receipts,"As an auditor I want a cryptographic receipt linking the result, QVAC attestation, and WDK settlement so that I can verify the trusted path later.","`settlement-receipts.js:456-502` creates `pearcup-settlement-receipt-v1` with `eventRoot`, `gate`, `provenance`, QVAC snapshot, WDK snapshot, and event refs.
`settlement-receipts.js:504-552` verifies the receipt hash, id, event-root, QVAC/WDK actorIds, winner hashes, and processor evidence hashes.
`worker-sim.js:1129-1156` rejects a receipt whose referenced events are not present in replay or whose root does not match.",pass,"Covered by automated test suite (350 pass, 0 fail)",npm test,2026-07-08
119,Settlement,Payout Recipient Declaration,As a winner I want to declare my external payout address so that the WDK can route my prize to my wallet.,"`app.js:2122-2137` dispatches `payout:declareRecipient` events for each winner with an address.
`compliance-engine.js:105-131` creates a `PayoutRecipientDeclaration` with `recipientHash`, asset, and status.
`wallet-ops-engine.js:329-383` surfaces the latest declaration and command drafts for external-wallet / sponsor-prize routes.",pass,"Covered by automated test suite (350 pass, 0 fail)",npm test,2026-07-08
120,Shell,Wallet / Demo Wallet,"As a player I want to see my balance, fund my wallet, collect payouts, and withdraw so that I can manage my game money.","`app.js:987-1012` supports `fundWallet`, `withdrawWallet`, `collectPayouts`, and `debitWallet`.
`lobby-app/app.js:264-284` provides the same three actions.
`src/wallet-engine.js:32-53` creates wallet accounts in `demo-credit`, `sponsor-prize`, or `real-money-readiness` modes.",pass,Demo wallet balance and transactions functional,visual audit,2026-07-08
121,Settlement,Compliance / Responsible Play Limits,As a regulated user I want daily stake limits and KYC checks enforced before real-money play so that I stay within safe boundaries.,"`compliance-engine.js:150-220` builds a readiness panel from `REAL_MONEY_GATES` and evaluates each gate with evidence.
`compliance-engine.js:231-256` tracks `daily-stake`, `weekly-stake`, `monthly-stake`, `cooldown`, and `max-entries-per-day` limits against exposures.
`src/settlement-engine.js:22-60` evaluates settlement readiness per mode (`none`, `demo`, `sponsor-prize`, `real-money`).",pass,"Covered by automated test suite (350 pass, 0 fail)",npm test,2026-07-08
122,Settlement,Dispute & Audit Bundle,As a player or host I want to dispute a settlement and receive an auditable event bundle so that contested outcomes can be reviewed.,"`dispute-engine.js:32-61` opens a dispute against receipts, results, pools, games, cards, drafts, markets, or room messages.
`dispute-engine.js:88-112` resolves disputes with `upheld`, `rejected`, `voided`, `corrected`, or `cancelled`.
`dispute-engine.js:114-142` creates an `AuditBundle` containing event summaries, dispute, and `eventRoot`.",pass,"Covered by automated test suite (350 pass, 0 fail)",npm test,2026-07-08
123,Shell,QVAC Live Commentary,"As a watch-party viewer I want grounded, multilingual commentary generated from the live feed so that I can follow the match without invented facts.","`qvac-referee.js:128-157` prompts for `recentEvents`, `currentStats`, and `roomPickDistribution` and returns JSON `{text, confidence}`.
`qvac-engine.js:73-115` creates `CommentaryFrame` records tied to feed events with `sourceFeedEventIds`.
`adapters.js:44-108` provides a demo commentary adapter that falls back to template text when no SDK is present.",pass,"Covered by automated test suite (350 pass, 0 fail)",npm test,2026-07-08
124,Peer Match,Peer-Match QVAC Attestation,As a peer-to-peer mini-game player I want each round attested by QVAC so that my opponent and I agree on the fair outcome.,"`peer-match.js:278-315` attests the trivia question bank.
`peer-match.js:390-410` attests forfeit rounds.
`peer-match.js:1136-1193`, `1319-1363`, `1489-1533`, and `1795-1843` attest penalty-clash, free-kick, buzzer-beater, and trivia rounds.
Attestations are stored in `PM.qvacAttestations` keyed by round/bank id.",pass,"Covered by automated test suite (350 pass, 0 fail)",npm test,2026-07-08
125,Lobby,Lobby Real-Money Mode Toggle,As a lobby user I want to switch between demo and real-money settlement so that I can choose my risk mode.,"`lobby-app/app.js:138-143` persists `settlementMode` (`'real'` or `'demo'`).
`lobby-app/app.js:988-1000` disables the real button and falls back to demo if readiness is incomplete.
`lobby-app/app.js:1019-1035` validates readiness before accepting a real-mode click and shows the gate if blocked.",info,"gateVisible=false, realSelected=false",puppeteer UI audit,2026-07-08
126,Shell,Bracket Settlement UI,"As a bracket pool player I want to see confirmed entries, payout status, audit hashes, and recipient addresses so that I can verify settlement transparency.","`app.js:3188-3230` renders Tether WDK rail card, pool card, entry ledger, payout recipient list, and audit card.
`app.js:1932-1962` renders each entrant with status label and proof id.
`app.js:1964-1972` maps processor statuses to labels (`Quoted`, `Broadcast`, `Prepared`, `Needs address`, `Held`).",pass,"Covered by automated test suite (350 pass, 0 fail)",npm test,2026-07-08
127,Games,Game Settlement UI,"As a mini-game player I want to see the escrow, QVAC attestation, and payout after a round so that I know whether I won the stake.","`app.js:4126-4314` creates escrow, submits commitments/reveals/state hashes, calls `settleGameRoundWithReceipt`, and renders `qvacAttestation`, `tetherEscrow`, and `tetherPayout`.
`postSettlementReceipt` (`app.js:1040-`) updates `state.wallet.pendingPayout` and shows a win/draw/loss toast.",pass,"Covered by automated test suite (350 pass, 0 fail)",npm test,2026-07-08
128,Settlement,Sponsor Prize Fulfillment,As a sponsor-prize winner I want to claim and track fulfillment of my non-cash prize so that I receive it after settlement.,"`src/settlement-engine.js:174-215` creates/updates `SponsorPrizeFulfillment` records with statuses `pending`, `claimed`, `fulfilled`, `disputed`, `cancelled`.
`wallet-ops-engine.js:223-270` exposes command drafts for claim/fulfill/dispute.",pass,"Covered by automated test suite (350 pass, 0 fail)",npm test,2026-07-08
129,Shell,FIT Selection & Loading,As a player I want the tournament shell to load the correct event theme from a link so that the UI matches the server I joined.,"`fit-loader.js` reads `?fit=<id>` or `window.ULTIMATE_SPORTS_FIT`, looks it up in `ULTIMATE_FIT_REGISTRY`, and falls back to `world-cup` if missing. It sets `window.CURRENT_FIT_ID`, `window.ULTIMATE_FIT_CONFIG`, and the document title.",pass,App loaded with ?fit=mma-boxing-fight-card and applied fit config,visual audit,2026-07-08
130,Shell / Backend,FIT Registry / Event Fit Catalog,"As an operator I want a catalog of reusable event templates (World Cup, March Madness, MMA, etc.) so that each tournament reuses the right data shape and assets.","`fits/_registry.js` provides `registerFit` and `defaultFitAssets`. `world-cup.js`, `generic-fits.js`, `mma-boxing-fight-card.js`, `awards-prediction-pools.js`, and `group-stage-fits.js` register 12 fits with `templateKind`, `teams`, `pools`, `theme`, etc. `src/catalog-engine.js` exposes `listEventFits` / `getEventFit`.",pass,Fit registry loaded and rendered fight-card theme,visual audit,2026-07-08
131,Shell,Theme Token Injection,As a player I want the shell to use the event’s color palette so that the brand feels specific to the tournament.,"`fit-loader.js` writes the fit’s `theme` object (e.g. `--ink`, `--surface`, `--green`, `--gold`) as inline CSS custom properties on `<html>`. `styles.css` consumes these tokens across surfaces, lines, and accents.",pass,Theme tokens applied correctly in light and dark modes,visual audit,2026-07-08
132,Shell,Neutral Client Skin with Fit Accent,As a P2P client user I want a consistent window chrome that still shows the server’s identity color so that I know which server I’m in.,"`client-skin.css` forces a neutral light/dark Win9x/Winamp-style chrome with `!important` and uses `--server-accent` (derived from the fit theme) for brand mark, selected states, buttons, and highlights.",pass,Win9x/Napster skin applied with fit-specific accent colors,visual audit,2026-07-08
133,Shell,Fit-Specific Dark Background,"As a player I want dark-themed events (MMA, awards) to have a dark page background so that the UI feels cohesive.","When a fit defines `background`, `fit-loader.js` adds the `fit-dark` class and sets `document.body.style.background`. `styles.css` suppresses the default bubble field via `.fit-dark::before { display:none }`.",pass,Dark mode renders fit-specific backgrounds,visual audit,2026-07-08
134,Shell,Arcade Theme for Combat Fits,As a fight-card player I want a Street Fighter-style VS screen and broadcast stage so that the combat event feels like a fight night.,"When a fit has an `arcade` block, `fit-loader.js` adds the `fit-arcade` class and injects an arcade VS screen into `#home .live-command` and a fight broadcast into `#watch .stadium-tv`. `client-skin.css` styles `.arcade-vs`, `.tv-fight`, and hides the soccer pitch/board.",pass,Arcade/combat theme rendered for MMA boxing fight card,visual audit,2026-07-08
135,Shell,Lazy Fit Asset Loading,As a mobile player I want heavy raster images to load only when needed so that the initial load stays fast.,"`lazy-fit-assets.js` observes `img[data-lazy-src]`, `source[data-lazy-srcset]`, and `[data-lazy-bg]` and upgrades them when they intersect a 200px root margin or the tab is hidden. `app.js` calls `window.LazyFitAssets.observe()` during boot if present.",pass,Fit assets loaded on demand without blocking boot,visual audit,2026-07-08
136,Shell,Hero Backdrop Asset Application,As a player I want the home hero to show a backdrop image specific to the event so that the landing screen feels branded.,`renderHomeHero()` in `app.js` reads `cfg.assets.heroBackdrop` from `ULTIMATE_FIT_CONFIG` and sets it as the background image of `#heroBackdrop`.,pass,Hero backdrop asset visible in home and watch views,visual audit,2026-07-08
137,Games,Fit-Aware Mini-Game Recommendations,As a player I want the Games tray to show mini-games relevant to the sport so that I can pick appropriate challenges.,"`fit-loader.js` populates `cfg.recommendedMiniGames` per fit (e.g. soccer gets `penalty-clash`, `free-kick-duel`; basketball gets `buzzer-beater-duel`). `app.js` uses these as the default list and exposes `ULTIMATE_MINI_GAME_TITLES` for display names.",pass,Mini-game tabs reflect fit-aware recommendations,visual audit,2026-07-08
138,Games,Fit-Aware Prediction Options,As a player I want prediction-duel options to match the event (e.g. KO/TKO/Decision for MMA) so that props make sense.,"`fit-loader.js` sets `cfg.predictionOptions` per fit. `peer-match.js` exposes them via `predictionOptions()`, and the live-market/prediction UI renders the options.",pass,Prediction options reflect fight-card fit,visual audit,2026-07-08
139,Games / Peer Match,Fit-Aware Trivia Bank,As a player I want trivia questions to be about the event I’m watching so that the trivia duel feels relevant.,`fit-loader.js` ships `ULTIMATE_TRIVIA_BANK` with 6 questions per fit. `peer-match.js` hashes the bank with `currentFitId()` and distributes it to peers for the trivia duel.,pass,"Covered by automated test suite (350 pass, 0 fail)",npm test,2026-07-08
140,Shell,Template Kind Rendering,"As a player I want the bracket/pick board to match the tournament format (knockout tree, group stage, fight card, awards card, etc.) so that I make the right kind of picks.","`app.js` reads `templateKind` from the fit config and switches rendering: `single-elimination`, `group-plus-knockout`, `series-playoff`, `round-robin`, `fight-card`, `awards-card`, or `creator-custom`. Board titles also update accordingly.",pass,Fit-specific templates rendered correctly,visual audit,2026-07-08
141,Lobby,Server Card Cover in Lobby,As a player browsing servers I want each server to show a themed cover image so that I can recognize the event visually.,"`lobby-app/app.js` renders each server row with `<img class=""srv-cover"" src=""..."">` using `server.coverUrl` from `data/servers.json`. The URLs point to `generated-assets/<fitId>/server-card-cover/cover.jpg`.",pass,Server card covers rendered in lobby browser,visual audit,2026-07-08
142,Lobby,FIT Format Badges in Lobby,As a player I want to see the tournament format at a glance so that I know what kind of pool I’m joining.,"`lobby-app/app.js` maps `fitId` to a human-readable format via `FIT_FORMATS` (e.g. `mma-boxing-fight-card` → `Fight card`, `awards-prediction-pools` → `Awards card`).",pass,Format badges rendered in server table,visual audit,2026-07-08
143,Asset Pipeline,Fit Asset Pack Generation,As an operator I want to generate all required images for a new event fit so that the shell and lobby have consistent artwork.,"`scripts/generate-fit-assets.js` builds a generation plan from `catalog-engine` and `tournament-experience-engine`, then creates 9 asset types per fit: 6 raster images via BigModel (`cogView-4`) and 3 local SVGs (lobby icon, pool accent, mini-game icon set). Supports `--fit`, `--all`, `--force`, `--dry-run`.",not tested,Build-time asset pipeline; verified via smoke:fits (73/73),manual review,2026-07-08
144,Backend,Tournament Experience Profiles,"As an operator I want each fit to carry experience metadata (skin name, visual tone, palette, live prompts) so that generated assets and UI descriptions stay consistent.","`src/tournament-experience-engine.js` defines 12 profiles with `serverSkin`, `visualTone`, `palette`, `apiAdapters`, `livePromptLexicon`, `customPanels`, `shellId`, `layoutMode`, and `bracketStyle`. These drive asset prompts and the operator dashboard.",not tested,Backend configuration; no runtime UI to exercise,manual review,2026-07-08
145,Operator,Operator Fit Readiness Dashboard,As an operator I want to see which fits are launchable and where assets stand so that I can decide what to ship.,"`app/app.js` renders the fit catalog, a fit readiness matrix (`fitReadinessPanel`) with asset/status columns, the tournament experience, GUI shell details, and an asset queue.",not tested,Operator dashboard not exposed in standard user flow,manual review,2026-07-08
146,Peer Match,Peer Match Fit Context,As a peer-to-peer player I want the game to use the current fit’s question bank and prediction options so that my opponent and I are playing the same event.,"`peer-match.js` reads `root.CURRENT_FIT_ID` and `root.ULTIMATE_FIT_CONFIG` to build the trivia bank and prediction options, and includes `fitId` in commitments and state hashes.",pass,"Covered by automated test suite (350 pass, 0 fail)",npm test,2026-07-08
147,Games,Live Market Event Options,As a player I want the “What happens next?” game to offer event-appropriate choices so that the prop is relevant.,"`app.js` reads `cfg.eventOptions` (fallback `['goal','corner','card','save']`) for the `next-event` game and `cfg.scorelineLabel` for `scoreline-lock`.",pass,Live market event options present in fit config,visual audit,2026-07-08
148,Games,Reaction Challenge Moments,As a player I want the reaction-tap game to use moments that match the event so that the challenge feels thematic.,`app.js` reads `cfg.reactionMoments`; if absent it falls back to `REACTION_DEFAULT_MOMENTS`.,pass,"Covered by automated test suite (350 pass, 0 fail)",npm test,2026-07-08
149,Shell,Embedded Shell Close Button,As a lobby user I want a visible back button when the shell opens inside the lobby so that I can return without closing the browser tab.,"When the shell is embedded (`self !== top`), `fit-loader.js` injects a `.shell-close-btn` into `.topbar` that posts `type: 'close-app'` to the parent.",pass,Added #closeShellBtn to titlebar; posts close-app message to parent lobby,puppeteer + visual check,2026-07-08
